"Image URL","Title","Description","Link","Board","Alt Text"
"https://placid-fra.fra1.digitaloceanspaces.com/production/rest-images/jtquma1nyyrzl/rest-d4f8036c3fe2571be66d088a1cf48cd6-q9ci9td3.jpg","Meal Prep 101: Start Here","New to meal prep? This complete guide covers everything from planning to storage. Save hours and hundreds every month!","https://www.mealpreponadime.com/blog/meal-prep-beginners-guide","b_1099793240193620116","Colorful meal prep containers with organized healthy food portions"
"https://placid-fra.fra1.digitaloceanspaces.com/production/rest-images/9oomd8dqdoalt/rest-e64df066e9cd676da6d8b40c070457f2-jov7wwuq.jpg","Beginner's Guide to Meal Prep","Learn meal prep the easy way! Step-by-step instructions for beginners who want to save time and money.","https://www.mealpreponadime.com/blog/meal-prep-beginners-guide","b_1099793240193620127","Step-by-step meal prep guide with fresh ingredients on kitchen counter"
"https://placid-fra.fra1.digitaloceanspaces.com/production/rest-images/902hhhlczodjr/rest-8e800b2dad27d44086f05f3260ce4c86-kfqqx15g.jpg","How to Meal Prep (Complete Guide)","Stop wasting money on takeout. This beginners guide to meal prep will change how you eat forever.","https://www.mealpreponadime.com/blog/meal-prep-beginners-guide","b_1099793240193620116","Complete meal prep setup showing containers, ingredients, and prep tools"
"https://placid-fra.fra1.digitaloceanspaces.com/production/rest-images/u5f25yyein3uv/rest-a694ff36217793ed433814d18cc358f1-fqx46fzh.jpg","Meal Prep for Beginners","Meal prep 101: Everything you need to know to start prepping like a pro. Free shopping list included!","https://www.mealpreponadime.com/blog/meal-prep-beginners-guide","b_1099793240193620127","Beginner-friendly meal prep with simple healthy recipes in containers"
"https://placid-fra.fra1.digitaloceanspaces.com/production/rest-images/jtquma1nyyrzl/rest-fe62b45631ca7ef89b11897bc209ba46-amlkde7l.jpg","The Ultimate Meal Prep Guide","The ultimate meal prep guide for beginners. Plan, shop, cook, store — all covered in one post.","https://www.mealpreponadime.com/blog/meal-prep-beginners-guide","b_1099793240193620116","Ultimate meal prep guide showing weekly food preparation"
"https://placid-fra.fra1.digitaloceanspaces.com/production/rest-images/9oomd8dqdoalt/rest-7d4d4160a6defbe356b0ef2020f4a41b-i6gjaprj.jpg","15 Meals Under $2 Each","15 delicious meals under $2 each! Budget meal prep that actually tastes amazing.","https://www.mealpreponadime.com/blog/15-cheap-meal-prep-recipes-under-2-dollars","b_1099793240193620118","Budget-friendly meals under two dollars in meal prep containers"
"https://placid-fra.fra1.digitaloceanspaces.com/production/rest-images/902hhhlczodjr/rest-715d0d4743acbaf8f076412a9783da3d-dsmhtoyj.jpg","Cheap Meal Prep Recipes","Eating cheap doesnt mean eating boring. These 15 recipes prove it — all under $2/serving.","https://www.mealpreponadime.com/blog/15-cheap-meal-prep-recipes-under-2-dollars","b_1099793240193620116","Affordable cheap meal prep recipes displayed in organized containers"
"https://placid-fra.fra1.digitaloceanspaces.com/production/rest-images/u5f25yyein3uv/rest-3ec560a91f480065d289f4904e24a5e4-jh76wxak.jpg","Budget Meals That Actually Taste Good","Save money with these budget meal prep recipes. Every single one costs less than $2!","https://www.mealpreponadime.com/blog/15-cheap-meal-prep-recipes-under-2-dollars","b_1099793240193620118","Delicious budget meal prep that tastes great and saves money"
"https://placid-fra.fra1.digitaloceanspaces.com/production/rest-images/jtquma1nyyrzl/rest-5d8b8f95cf7356abbac3060882483439-n20nwen7.jpg","Eat Well for $2 Per Meal","Broke but hungry? These 15 meal prep recipes cost under $2 and taste incredible.","https://www.mealpreponadime.com/blog/15-cheap-meal-prep-recipes-under-2-dollars","b_1099793240193620116","Eating well on a budget with two dollar meal prep recipes"
"https://placid-fra.fra1.digitaloceanspaces.com/production/rest-images/9oomd8dqdoalt/rest-195821ab685c4dc1e29059d00a37a818-l3iuvvju.jpg","15 Affordable Meal Prep Ideas","The best cheap meal prep recipes on the internet. 15 meals, all under $2 per serving.","https://www.mealpreponadime.com/blog/15-cheap-meal-prep-recipes-under-2-dollars","b_1099793240193620118","Fifteen affordable meal prep ideas in glass containers"
"https://placid-fra.fra1.digitaloceanspaces.com/production/rest-images/902hhhlczodjr/rest-8b3fd4083ddc6988910786fa1258af70-nxv0mj5p.jpg","$25 Weekly Meal Plan","Feed yourself for an entire week on just $25! Complete meal plan with shopping list.","https://www.mealpreponadime.com/blog/25-dollar-weekly-meal-prep-plan","b_1099793240193620118","Twenty-five dollar weekly meal plan with complete shopping list"
"https://placid-fra.fra1.digitaloceanspaces.com/production/rest-images/u5f25yyein3uv/rest-55e3a714f96c1f73a1437f18d9002ae4-wbu8ghqk.jpg","Feed Yourself for $25/Week","The $25 weekly meal prep challenge. Breakfast, lunch, and dinner — all covered.","https://www.mealpreponadime.com/blog/25-dollar-weekly-meal-prep-plan","b_1099793240193620116","Weekly meal prep for twenty-five dollars with breakfast lunch and dinner"
"https://placid-fra.fra1.digitaloceanspaces.com/production/rest-images/jtquma1nyyrzl/rest-d794ed265c4a57aa48bc58304d3c4852-ikyflph1.jpg","The $25 Meal Prep Challenge","How I eat for $25 a week. Full meal plan with recipes and step-by-step prep guide.","https://www.mealpreponadime.com/blog/25-dollar-weekly-meal-prep-plan","b_1099793240193620118","Budget meal prep challenge showing a week of meals for twenty-five dollars"
"https://placid-fra.fra1.digitaloceanspaces.com/production/rest-images/9oomd8dqdoalt/rest-54e1f4fdd8751e7dd5cf3ae91d027e80-ureimtxd.jpg","Eat for a Week on $25","Ultra budget meal prep: $25 feeds you for 7 days. Shopping list + recipes included!","https://www.mealpreponadime.com/blog/25-dollar-weekly-meal-prep-plan","b_1099793240193620116","Seven days of meals for twenty-five dollars with recipes and shopping list"
"https://placid-fra.fra1.digitaloceanspaces.com/production/rest-images/902hhhlczodjr/rest-a1a22ab1825570baf6e9e0dcb7defe1d-ozfrfdip.jpg","Ultra Budget Meal Prep Plan","This $25 meal plan changed my life. Complete guide to eating well on a tight budget.","https://www.mealpreponadime.com/blog/25-dollar-weekly-meal-prep-plan","b_1099793240193620118","Ultra budget meal prep plan for eating well on a tight budget"
"https://placid-fra.fra1.digitaloceanspaces.com/production/rest-images/u5f25yyein3uv/rest-3650a52891d7ce9c5ef3381397faaac9-fyg7qyng.jpg","$50 Weekly Meal Plan","Our most popular meal plan! $50 gets you a full week of delicious, balanced meals.","https://www.mealpreponadime.com/blog/50-dollar-weekly-meal-prep-plan","b_1099793240193620116","Fifty dollar weekly meal plan with balanced nutritious meals"
"https://placid-fra.fra1.digitaloceanspaces.com/production/rest-images/jtquma1nyyrzl/rest-fb017f62bfdd3ee95cbab68b0f216386-fotlxxow.jpg","Balanced Meals for $50/Week","Eat great for $50 a week. More protein, more variety, more flavor. Full plan inside!","https://www.mealpreponadime.com/blog/50-dollar-weekly-meal-prep-plan","b_1099793240193620120","Balanced healthy meals for fifty dollars a week with variety"
"https://placid-fra.fra1.digitaloceanspaces.com/production/rest-images/9oomd8dqdoalt/rest-bf7a4e3f0db1ef9e3ced85e7ae371b06-ec2ukd2q.jpg","The $50 Meal Prep Plan","The $50 weekly meal prep plan: balanced nutrition without breaking the bank.","https://www.mealpreponadime.com/blog/50-dollar-weekly-meal-prep-plan","b_1099793240193620116","Fifty dollar meal prep plan with balanced nutrition in containers"
"https://placid-fra.fra1.digitaloceanspaces.com/production/rest-images/902hhhlczodjr/rest-ffd7424ac216d3f8125751ceaaf29186-cft5giwb.jpg","Eat Great for $50 a Week","Level up your meal prep with this $50 weekly plan. More variety than our $25 version!","https://www.mealpreponadime.com/blog/50-dollar-weekly-meal-prep-plan","b_1099793240193620120","Level up meal prep with fifty dollar weekly plan and more variety"
"https://placid-fra.fra1.digitaloceanspaces.com/production/rest-images/u5f25yyein3uv/rest-b8eb1731645d84d6594fc6c0221e7893-uvbg6cit.jpg","Our Most Popular Meal Plan","Feed yourself well for $50/week. Complete meal plan with shopping list and recipes.","https://www.mealpreponadime.com/blog/50-dollar-weekly-meal-prep-plan","b_1099793240193620116","Most popular meal plan with fifty dollars of weekly meals"
"https://placid-fra.fra1.digitaloceanspaces.com/production/rest-images/jtquma1nyyrzl/rest-395bb2e8d87e8e3a56d188899b61b33d-zexccbzj.jpg","Best Meal Prep Containers 2026","We tested 15 meal prep container brands. Here are the best ones for every budget.","https://www.mealpreponadime.com/blog/best-meal-prep-containers-2026","b_1099793240193620127","Best meal prep containers of 2026 comparison with multiple brands"
"https://placid-fra.fra1.digitaloceanspaces.com/production/rest-images/9oomd8dqdoalt/rest-3df14cb1c544ad6dcb570cce21cdb22c-yocrreal.jpg","Top Meal Prep Containers Tested","Stop buying bad containers! Our 2026 guide to the best meal prep containers.","https://www.mealpreponadime.com/blog/best-meal-prep-containers-2026","b_1099793240193620126","Top rated meal prep containers tested and reviewed for 2026"
"https://placid-fra.fra1.digitaloceanspaces.com/production/rest-images/902hhhlczodjr/rest-4b3dfdd499ed9e1386f473c88b8045b6-aisuxkbi.jpg","We Tested 15 Container Brands","Leak-proof, microwave-safe, budget-friendly. The best meal prep containers of 2026.","https://www.mealpreponadime.com/blog/best-meal-prep-containers-2026","b_1099793240193620127","Fifteen meal prep container brands tested for leaks and durability"
"https://placid-fra.fra1.digitaloceanspaces.com/production/rest-images/u5f25yyein3uv/rest-4718cce014d0e16ea338ffeef7095413-myxurxty.jpg","Best Containers for Meal Prep","Which meal prep containers are actually worth it? We tested 15 brands to find out.","https://www.mealpreponadime.com/blog/best-meal-prep-containers-2026","b_1099793240193620126","Best containers for meal prep comparing glass and plastic options"
"https://placid-fra.fra1.digitaloceanspaces.com/production/rest-images/jtquma1nyyrzl/rest-42e64b807bcfb695d433a79ff0501db1-a0gec0rl.jpg","Meal Prep Container Guide","The ultimate guide to meal prep containers. Glass vs plastic, budget vs premium — all covered.","https://www.mealpreponadime.com/blog/best-meal-prep-containers-2026","b_1099793240193620127","Ultimate meal prep container guide comparing glass versus plastic"
